<?xml version="1.0" encoding="UTF-8"?>
<jcr:root xmlns:sling="http://sling.apache.org/jcr/sling/1.0" xmlns:cq="http://www.day.com/jcr/cq/1.0" xmlns:jcr="http://www.jcp.org/jcr/1.0" xmlns:nt="http://www.jcp.org/jcr/nt/1.0"
    jcr:primaryType="nt:unstructured"
    sling:resourceType="cq/gui/components/authoring/dialog">
    <content
        jcr:primaryType="nt:unstructured"
        sling:resourceType="granite/ui/components/foundation/container">
        <items jcr:primaryType="nt:unstructured">
            <settings
                jcr:primaryType="nt:unstructured"
                sling:resourceType="granite/ui/components/foundation/section">
                <items jcr:primaryType="nt:unstructured">
                    <column
                        jcr:primaryType="nt:unstructured"
                        sling:resourceType="granite/ui/components/foundation/container">
                        <items jcr:primaryType="nt:unstructured">
                            <pagination
                                jcr:primaryType="nt:unstructured"
                                sling:orderBefore="limit"
                                min="{Long}2"/>
                            <title
                                jcr:primaryType="nt:unstructured"
                                sling:orderBefore="listFrom"
                                sling:resourceType="/libs/granite/ui/components/coral/foundation/form/textfield"
                                fieldDescription="List Title"
                                fieldLabel="Title"
                                name="./title"/>
                        </items>
                    </column>
                </items>
            </settings>
            <accessibility
                jcr:primaryType="nt:unstructured"
                sling:orderBefore="settings">
                <items jcr:primaryType="nt:unstructured">
                    <column jcr:primaryType="nt:unstructured">
                        <items
                            jcr:primaryType="nt:unstructured"
                            sling:hideChildren="accessiblePrevious"/>
                    </column>
                </items>
            </accessibility>
        </items>
    </content>
</jcr:root>
